Country,Units,Scale,2000,2001,2002,2003,2004,2005,2006,2007,2008,2009,2010,2011,2012,2013,2014,2015,Estimates Start After
Afghanistan,U.S. dollars,Units,n/a,n/a,233.433,233.755,254.259,294.396,320.674,381.502,447.746,511.374,631.49,714.7,784.611,754.402,746.922,705.597,2021
Albania,U.S. dollars,Units,"1,127.64","1,283.57","1,425.13","1,846.12","2,373.58","2,673.77","2,972.75","3,595.05","4,370.56","4,114.09","4,097.83","4,439.89","4,248.91","4,415.60","4,584.92","3,953.61",2021
Algeria,U.S. dollars,Units,"1,794.70","1,768.58","1,806.86","2,128.39","2,636.48","3,141.03","3,508.96","3,986.56","4,943.50","3,890.52","4,480.72","5,447.60","5,575.65","5,477.06","5,466.33","4,153.32",2019
Andorra,U.S. dollars,Units,n/a,n/a,n/a,n/a,n/a,n/a,n/a,n/a,n/a,n/a,"49,030.23","51,957.31","45,713.97","45,630.20","46,299.28","38,877.49",2022
Angola,U.S. dollars,Units,681.129,645.145,872.658,982.806,"1,254.70","1,900.72","2,597.96","3,121.35","4,081.72","3,123.70","3,586.66","4,608.16","5,083.83","5,228.51","5,371.22","4,130.93",2021
Antigua and Barbuda,U.S. dollars,Units,"10,931.31","10,411.42","10,485.78","10,921.85","11,613.33","12,785.87","14,317.67","16,060.88","16,574.26","14,688.68","13,574.44","13,295.36","13,825.32","13,414.90","13,980.61","14,728.71",2022
Argentina,U.S. dollars,Units,"8,638.54","8,085.36","2,997.62","3,761.09","4,314.10","5,163.55","5,976.08","7,315.73","9,146.79","8,337.81","10,412.97","12,787.81","13,889.79","14,488.83","13,208.83","14,895.32",2010
Armenia,U.S. dollars,Units,620.638,692.287,779.122,923.387,"1,180.40","1,628.06","2,128.15","3,079.03","3,913.44","2,911.76","3,121.78","3,417.17","3,575.53","3,732.04","3,889.00","3,529.03",2020
Aruba,U.S. dollars,Units,"20,681.14","20,740.21","21,307.26","21,949.39","23,700.57","24,172.00","24,845.66","26,736.58","28,172.08","25,134.69","24,093.09","25,712.45","25,119.74","25,813.52","26,129.73","27,458.23",2021
Australia,U.S. dollars,Units,"20,895.37","19,486.70","21,692.20","27,288.86","32,852.83","36,232.39","37,948.95","45,180.94","49,194.24","45,770.39","56,577.95","67,270.22","68,449.59","65,200.82","61,616.04","51,412.41",2021
Austria,U.S. dollars,Units,"24,636.47","24,558.92","26,508.32","32,298.61","36,883.89","38,450.61","40,674.88","46,922.56","51,914.01","48,111.66","46,955.17","51,452.28","48,616.90","50,747.38","51,814.42","44,267.81",2022
Azerbaijan,U.S. dollars,Units,656.386,674.783,760.812,879.863,"1,039.82","1,571.29","2,458.42","3,818.27","5,578.56","4,963.77","5,880.81","7,242.81","7,545.87","7,926.09","7,939.17","5,300.14",2022
The Bahamas,U.S. dollars,Units,"26,601.37","26,971.27","28,357.93","27,896.34","28,056.57","30,030.89","30,594.67","31,498.52","30,787.59","28,793.34","28,725.14","28,365.86","29,895.42","28,695.89","30,055.89","31,576.62",2020
Bahrain,U.S. dollars,Units,"14,214.58","13,894.34","13,501.55","14,486.06","15,963.98","17,966.22","19,267.57","20,908.34","23,236.06","19,465.29","20,827.72","24,080.43","25,434.45","25,965.31","25,398.32","22,659.37",2022
Bangladesh,U.S. dollars,Units,497.807,497.045,499.906,533.545,569.732,594.253,610.469,668.54,760.65,841.252,935.755,"1,032.31","1,057.88","1,176.16","1,340.29","1,495.54",2020
Barbados,U.S. dollars,Units,"11,337.03","11,284.37","11,442.56","11,788.65","12,612.21","13,939.67","15,334.01","16,925.58","17,254.32","16,036.38","16,203.33","16,599.01","16,371.97","16,556.11","16,572.33","16,623.57",2020
Belarus,U.S. dollars,Units,"1,079.61","1,283.27","1,524.49","1,873.67","2,450.90","3,221.46","3,968.75","4,887.28","6,581.18","5,345.33","6,025.69","6,478.89","6,948.35","7,995.73","8,337.15","5,958.84",2022
Belgium,U.S. dollars,Units,"23,136.51","23,067.16","25,044.33","30,707.67","35,497.55","36,945.50","38,841.79","44,496.79","48,493.14","44,892.23","44,448.17","47,564.38","44,824.16","46,848.61","47,897.04","41,147.26",2022
Belize,U.S. dollars,Units,"4,468.24","4,542.27","4,694.03","4,818.84","5,028.24","5,153.51","5,431.61","5,676.58","5,635.73","5,334.14","5,392.04","5,479.15","5,584.83","5,803.38","5,957.14","6,001.66",2021
Benin,U.S. dollars,Units,503.22,508.351,563.98,698.234,783.763,806.35,837.176,944.755,"1,098.83","1,060.57","1,010.31","1,099.22","1,113.27","1,214.31","1,251.83","1,041.76",2021
Bhutan,U.S. dollars,Units,758.308,767.831,813.421,950.504,"1,059.21","1,215.29","1,278.66","1,548.11","1,936.31","1,797.54","2,097.54","2,511.44","2,592.37","2,609.76","2,546.86","2,767.78",2021
Bolivia,U.S. dollars,Units,994.617,949.383,904.851,908.203,968.545,"1,037.18","1,226.85","1,383.89","1,729.37","1,769.44","1,972.68","2,368.52","2,635.93","2,938.42","3,114.97","3,069.32",2017
Bosnia and Herzegovina,U.S. dollars,Units,"1,480.62","1,540.27","1,785.29","2,254.45","2,699.05","2,903.60","3,306.79","4,073.01","4,984.54","4,711.12","4,633.86","5,089.85","4,773.16","5,141.57","5,252.94","4,662.98",2022
Botswana,U.S. dollars,Units,"3,290.35","3,099.10","3,005.54","4,088.46","4,743.63","5,194.71","5,142.91","5,371.81","5,345.85","4,938.25","6,041.73","7,080.78","6,392.99","6,436.60","6,844.03","5,869.74",2020
Brazil,U.S. dollars,Units,"3,864.92","3,256.18","2,926.34","3,165.20","3,750.13","4,938.54","6,066.96","7,572.61","9,096.94","8,851.06","11,578.70","13,631.42","12,782.84","12,752.26","12,601.26","9,183.00",2022
Brunei Darussalam,U.S. dollars,Units,"20,473.28","18,646.04","19,037.81","20,975.54","24,759.51","29,459.70","34,869.24","36,678.27","42,529.70","31,287.34","35,437.25","47,092.35","47,776.37","44,865.24","41,947.49","31,353.78",2021
Bulgaria,U.S. dollars,Units,"1,625.32","1,797.39","2,090.68","2,710.58","3,370.38","3,869.59","4,477.03","5,815.47","7,161.75","6,878.06","6,753.34","7,872.04","7,454.00","7,702.78","7,925.69","7,098.59",2022
Burkina Faso,U.S. dollars,Units,249.18,260.445,286.551,363.727,405.267,443.189,457.366,516.811,621.822,603.222,627.783,727.484,734.438,762.315,767.569,632.191,2020
Burundi,U.S. dollars,Units,130.225,127.349,116.392,108.066,122.381,148.71,164.575,170.174,195.79,208.78,231.549,247.097,250.118,255.319,273.133,304.243,2021
Cabo Verde,U.S. dollars,Units,"1,399.09","1,387.33","1,501.55","2,051.81","2,295.72","2,359.62","2,623.34","3,391.23","3,985.21","3,727.31","3,632.19","4,028.64","3,722.10","3,900.96","3,878.77","3,283.57",2018
Cambodia,U.S. dollars,Units,299.982,320.046,337.501,360.659,405.618,470.64,536.135,627.781,741.822,737.177,788.182,889.745,965.379,"1,034.77","1,123.13","1,203.44",2021
Cameroon,U.S. dollars,Units,660.382,687.404,756.14,949.02,"1,089.42","1,101.55","1,147.50","1,277.67","1,439.39","1,409.94","1,353.41","1,464.89","1,404.41","1,527.77","1,604.63","1,382.65",2022
Canada,U.S. dollars,Units,"24,296.72","23,859.71","24,279.19","28,338.75","32,176.59","36,439.62","40,558.90","44,716.99","46,773.84","40,990.63","47,627.35","52,285.94","52,744.00","52,708.61","51,020.84","43,626.47",2022
Central African Republic,U.S. dollars,Units,238.505,242.794,260.865,310.302,336.409,356.688,381.315,427.313,485.807,482.648,492.078,551.028,566.199,380.304,424.67,377.476,2021
Chad,U.S. dollars,Units,188.139,223.102,250.264,330.959,513.888,661.203,712.529,803.018,932.601,805.798,895.354,985.629,970.738,982.92,"1,024.84",776.105,2019
Chile,U.S. dollars,Units,"5,099.92","4,608.06","4,479.77","4,824.87","6,183.91","7,558.01","9,410.39","10,447.12","10,759.74","10,176.73","12,723.06","14,560.25","15,316.01","15,740.39","14,582.85","13,494.49",2020
China,U.S. dollars,Units,951.163,"1,044.96","1,141.14","1,282.21","1,499.71","1,751.37","2,095.24","2,691.05","3,446.70","3,813.41","4,499.80","5,553.24","6,282.71","7,039.57","7,645.88","8,034.29",2022
Colombia,U.S. dollars,Units,"2,535.48","2,461.33","2,424.35","2,313.54","2,827.17","3,493.98","3,836.67","4,834.42","5,622.11","5,330.80","6,498.60","7,518.30","8,237.31","8,409.69","8,312.06","6,337.04",2022
Comoros,U.S. dollars,Units,628.071,675.05,757.399,949.68,"1,055.36","1,085.66","1,110.98","1,251.86","1,403.80","1,351.15","1,322.64","1,450.16","1,403.42","1,500.73","1,505.18","1,231.14",2021
Democratic Republic of the Congo,U.S. dollars,Units,397.025,146.542,171.076,171.505,189.173,226.776,265.901,310.819,366.699,291.745,338.802,387.825,427.848,481.137,512.244,519.68,0
Micronesia,U.S. dollars,Units,"1,268.42","1,037.33","1,109.28","1,255.57","1,617.33","2,058.30","2,436.38","2,586.30","3,346.18","2,722.04","3,597.96","4,175.34","4,607.39","4,559.73","4,438.24","2,873.72",2020
Costa Rica,U.S. dollars,Units,"3,941.14","4,041.94","4,122.83","4,227.82","4,483.59","4,756.34","5,309.27","6,194.05","6,993.90","6,879.27","8,268.86","9,270.57","10,107.45","10,764.53","10,853.64","11,635.20",2022
C?te d'Ivoire,U.S. dollars,Units,920.48,935.453,"1,009.65","1,216.95","1,282.23","1,287.98","1,308.59","1,458.25","1,697.06","1,657.61","1,650.97","1,660.46","1,686.74","1,919.18","2,115.21","1,932.24",2015
Croatia,U.S. dollars,Units,"5,053.53","5,363.19","6,216.13","8,191.30","9,718.25","10,453.25","11,490.02","13,730.88","15,855.12","14,372.18","13,676.69","14,619.95","13,417.80","13,948.88","13,976.06","12,070.74",2022
Cyprus,U.S. dollars,Units,"14,464.82","14,905.02","16,188.39","20,389.18","23,969.82","25,527.25","27,448.57","31,774.43","36,009.56","32,650.09","31,521.89","32,910.62","29,075.27","27,671.33","27,076.81","23,507.59",2022
Czech Republic,U.S. dollars,Units,"6,015.07","6,627.10","8,056.32","9,823.29","11,751.90","13,446.94","15,284.67","18,527.74","22,925.75","19,908.15","19,983.58","21,890.78","19,880.90","20,129.62","19,915.38","17,842.87",2022
Denmark,U.S. dollars,Units,"30,798.72","30,806.61","33,275.56","40,512.05","46,571.28","48,872.10","52,121.25","58,641.19","64,531.12","58,286.54","58,177.16","61,864.09","58,623.41","61,325.58","62,729.50","53,478.50",2022
Djibouti,U.S. dollars,Units,"1,088.22","1,106.68","1,121.17","1,160.47","1,212.85","1,271.22","1,359.49","1,478.42","1,692.43","1,722.34","1,837.21","2,038.56","2,190.28","2,314.56","2,470.93","2,652.51",2021
Dominica,U.S. dollars,Units,"4,681.18","4,775.34","4,680.26","4,825.77","5,165.22","5,127.44","5,497.25","5,939.91","6,463.44","6,904.00","6,980.96","7,160.28","6,994.87","7,153.47","7,388.58","7,596.22",2011
Dominican Republic,U.S. dollars,Units,"2,894.30","3,007.38","3,158.39","2,460.55","2,540.85","4,008.36","4,188.72","4,803.47","5,194.80","5,151.17","5,688.75","6,063.35","6,274.87","6,413.93","6,805.66","7,139.51",2019
Ecuador,U.S. dollars,Units,"1,461.84","1,909.42","2,180.39","2,434.98","2,700.12","3,025.01","3,351.48","3,588.31","4,267.47","4,241.94","4,633.25","5,192.88","5,664.89","6,030.50","6,347.00","6,099.35",2021
Egypt,U.S. dollars,Units,"1,636.75","1,566.20","1,355.28","1,252.40","1,195.60","1,331.36","1,563.74","1,862.16","2,271.23","2,578.88","2,922.80","3,077.34","3,569.48","3,583.85","3,705.47","3,933.93",2021
El Salvador,U.S. dollars,Units,"1,977.84","2,051.16","2,106.73","2,197.50","2,273.94","2,434.33","2,651.45","2,814.60","2,964.17","2,889.68","3,017.33","3,305.00","3,471.05","3,555.19","3,638.53","3,761.49",2022
Equatorial Guinea,U.S. dollars,Units,"1,885.99","2,616.49","3,107.85","5,424.13","8,214.07","10,810.45","12,743.35","15,782.69","22,834.44","16,596.74","17,153.17","21,480.00","21,556.42","20,252.75","19,271.29","11,217.99",2015
Eritrea,U.S. dollars,Units,238.508,245.162,227.498,258.933,315.55,300.697,321.219,340.334,301.238,415.601,501.424,642.502,693.804,596.754,786.54,603.193,2006
Estonia,U.S. dollars,Units,"4,084.94","4,516.22","5,358.42","7,216.27","8,923.19","10,426.69","12,657.06","16,764.94","18,273.30","14,756.39","14,696.81","17,484.73","17,414.24","19,056.28","20,253.97","17,403.81",2022
Eswatini,U.S. dollars,Units,"1,818.67","1,599.21","1,473.72","2,235.68","2,797.02","3,174.59","3,262.22","3,402.16","3,214.49","3,479.71","4,263.91","4,603.20","4,628.13","4,325.84","4,133.65","3,766.46",2017
Ethiopia,U.S. dollars,Units,136.056,131.565,123.874,132.704,152.16,181.49,218.637,266.894,350.57,373.199,341.103,377.694,510.537,548.869,622.592,707.975,2022
Fiji,U.S. dollars,Units,"2,286.99","2,238.55","2,467.53","3,079.61","3,601.62","3,943.27","4,041.49","4,405.16","4,535.43","3,673.96","4,004.67","4,797.05","5,017.72","5,268.16","5,611.19","5,385.52",2020
Finland,U.S. dollars,Units,"24,379.78","25,001.18","27,008.26","32,961.92","37,816.08","39,147.22","41,308.62","48,590.20","53,897.91","47,541.75","46,647.00","51,263.57","47,850.56","50,006.02","50,434.79","42,867.09",2022
France,U.S. dollars,Units,"23,212.45","23,245.26","25,137.40","30,682.64","35,016.22","36,057.12","37,795.92","43,060.03","47,155.21","43,190.97","42,178.58","45,419.97","42,372.07","44,144.64","44,616.46","37,937.86",2022
Gabon,U.S. dollars,Units,"4,477.32","4,065.93","4,210.28","5,015.60","5,837.62","6,942.70","7,271.09","8,652.15","10,418.28","7,856.85","8,933.31","10,893.46","9,903.41","9,760.75","9,746.79","7,453.11",2015
The Gambia,U.S. dollars,Units,766.199,737.063,631.566,581.319,642.755,665.721,662.362,780.379,924.514,833.282,860.639,762.761,742.78,700.515,607.429,649.511,2018
Georgia,U.S. dollars,Units,763.707,820.006,875.188,"1,034.53","1,338.09","1,682.53","2,052.26","2,700.42","3,419.92","2,890.71","3,221.63","4,003.46","4,409.63","4,622.55","4,742.50","4,017.62",2022
Germany,U.S. dollars,Units,"23,924.88","23,869.77","25,460.33","30,668.85","34,534.81","35,020.20","36,894.47","42,299.86","46,367.72","42,338.84","42,379.71","46,697.38","43,883.39","46,299.23","48,035.95","41,107.10",2022
Ghana,U.S. dollars,Units,606.501,630.698,714.42,860.469,973.287,"1,151.31","1,320.28","1,520.64","1,688.08","1,477.65","1,757.05","2,131.75","2,197.91","2,405.77","2,003.71","1,784.25",2022
Greece,U.S. dollars,Units,"12,268.25","12,579.41","14,185.46","18,534.61","22,015.20","22,608.39","24,858.59","28,900.03","32,173.51","29,829.30","26,743.40","25,437.01","21,845.05","21,712.02","21,554.22","18,023.87",2021
Grenada,U.S. dollars,Units,"5,056.98","5,041.02","5,213.80","5,682.71","5,741.65","6,644.22","6,658.22","7,213.00","7,832.37","7,290.82","7,258.18","7,291.74","7,444.08","7,789.62","8,370.03","9,096.54",2021
Guatemala,U.S. dollars,Units,"1,555.57","1,654.95","1,795.77","1,847.29","1,951.80","2,151.74","2,336.96","2,556.76","2,873.09","2,654.10","2,836.06","3,172.12","3,267.79","3,397.63","3,632.10","3,825.88",2020
Guinea,U.S. dollars,Units,461.784,427.879,444.663,517.03,534.339,470.57,426.419,628.711,675.387,637.478,630.549,607.035,645.096,713.128,728.729,712.025,2014
Guinea-Bissau,U.S. dollars,Units,327.943,338.362,374.5,435.072,447.804,482.181,467.998,543.408,672.251,613.569,644.344,775.206,688.497,711.927,712.826,707.897,2017
Guyana,U.S. dollars,Units,"2,017.20","2,023.62","2,092.96","2,144.11","2,233.00","2,305.91","2,551.77","2,982.22","3,329.64","3,457.37","3,837.30","4,402.78","5,360.28","5,476.74","5,402.70","5,579.97",2019
Haiti,U.S. dollars,Units,794.059,720.822,684.333,540.556,660.218,773.35,794.79,991.684,"1,074.36","1,168.75","1,175.20","1,269.35","1,316.50","1,408.81","1,408.67","1,359.21",2003
Honduras,U.S. dollars,Units,"1,093.11","1,133.19","1,134.07","1,158.18","1,217.82","1,308.09","1,430.06","1,583.05","1,739.36","1,789.71","1,904.35","2,088.31","2,144.34","2,102.60","2,206.06","2,302.20",2022
Hong Kong SAR,U.S. dollars,Units,"25,574.49","25,166.90","24,731.08","23,856.48","24,873.90","26,551.77","28,028.16","30,494.55","31,487.94","30,593.99","32,421.36","34,955.15","36,623.75","38,233.35","40,185.30","42,325.35",2021
Hungary,U.S. dollars,Units,"4,619.29","5,269.61","6,644.61","8,409.10","10,291.67","11,211.25","11,483.14","13,926.75","15,761.63","13,066.42","13,199.06","14,214.13","12,969.62","13,693.04","14,279.02","12,700.30",2022
Iceland,U.S. dollars,Units,"32,344.36","29,061.34","32,516.44","39,620.41","47,579.94","57,405.56","58,238.89","70,375.33","57,296.25","41,188.91","43,293.02","47,798.81","46,159.80","50,100.08","54,864.16","53,227.63",2022
India,U.S. dollars,Units,449.787,457.8,477.068,553.382,635.054,722.492,809.568,"1,041.19","1,014.39","1,115.83","1,377.11","1,449.60","1,434.02","1,438.06","1,559.86","1,590.17",2013
Indonesia,U.S. dollars,Units,870.154,834.139,"1,002.91","1,186.85","1,280.70","1,403.88","1,764.79","2,064.23","2,418.04","2,464.96","3,178.13","3,688.53","3,744.53","3,684.00","3,533.61","3,367.69",2022
Islamic Republic of Iran,U.S. dollars,Units,"5,776.86","5,124.77","2,020.84","2,353.36","2,764.81","3,291.94","3,863.50","5,045.69","5,890.71","6,016.80","6,983.78","8,322.46","5,548.31","5,561.45","5,910.08","5,172.13",2021
Iraq,U.S. dollars,Units,n/a,n/a,n/a,608.655,"1,373.74","1,828.74","2,321.26","3,090.85","4,472.12","3,701.86","4,473.71","5,848.54","6,692.58","7,021.41","6,704.31","5,044.62",2013
Ireland,U.S. dollars,Units,"26,184.69","28,119.31","32,481.58","40,939.73","47,388.80","50,476.48","53,738.84","60,770.19","60,989.84","51,943.66","48,620.63","52,159.12","48,918.73","51,422.86","55,651.92","62,027.65",2022
Israel,U.S. dollars,Units,"21,641.30","20,918.34","19,044.92","19,634.85","20,565.77","21,233.80","22,501.12","25,647.70","30,182.53","28,330.23","31,278.05","34,366.86","32,928.74","36,589.29","37,856.53","35,768.61",2022
Italy,U.S. dollars,Units,"20,153.05","20,505.92","22,386.28","27,580.48","31,342.83","32,031.43","33,448.11","37,828.34","40,818.99","36,982.81","35,815.62","38,276.03","34,743.75","35,534.99","35,836.18","30,463.70",2022
Jamaica,U.S. dollars,Units,"3,510.58","3,529.71","3,709.57","3,586.44","3,855.67","4,241.40","4,494.63","4,829.30","5,134.25","4,507.19","4,894.37","5,332.52","5,448.46","5,238.15","5,105.51","5,204.83",2019
Japan,U.S. dollars,Units,"39,172.97","34,410.68","32,832.30","35,410.23","38,307.10","37,819.11","36,021.90","35,847.23","39,992.06","41,469.77","45,135.80","48,760.92","49,175.04","40,934.76","38,522.77","35,005.66",2022
Jordan,U.S. dollars,Units,"1,703.24","1,776.46","1,875.33","1,946.12","2,109.38","2,277.94","2,636.27","2,870.64","3,454.31","3,559.69","3,736.65","3,852.89","3,915.87","4,050.14","4,137.28","4,169.99",2021
Kazakhstan,U.S. dollars,Units,"1,230.49","1,491.65","1,657.16","2,062.29","2,862.50","3,753.44","5,261.03","6,733.45","8,349.29","7,116.37","9,005.04","11,552.57","12,300.19","13,789.17","12,713.56","10,435.17",2022
Kenya,U.S. dollars,Units,617.147,617.055,611.901,668.483,692.718,778.333,854.992,"1,028.24","1,118.77","1,123.27","1,176.31","1,178.60","1,396.22","1,490.42","1,613.10","1,625.18",2019
Kiribati,U.S. dollars,Units,803.324,734.58,827.798,"1,020.83","1,132.96","1,214.94","1,169.00","1,377.37","1,456.19","1,331.19","1,512.47","1,726.24","1,783.59","1,715.89","1,628.35","1,537.93",2020
Korea,U.S. dollars,Units,"12,263.47","11,563.04","13,159.68","14,672.42","16,482.75","19,398.49","21,730.95","24,083.34","21,387.71","19,139.73","23,077.16","25,100.19","25,459.17","27,179.52","29,252.93","28,737.44",2021
Kosovo,U.S. dollars,Units,"1,506.09","1,704.29","1,807.20","2,205.54","2,274.68","2,318.30","2,400.14","2,865.64","3,025.01","2,878.49","3,013.16","3,562.03","3,396.89","3,699.48","3,920.47","3,554.10",2021
Kuwait,U.S. dollars,Units,"17,009.47","15,116.58","15,756.24","18,796.66","21,585.52","27,012.21","31,903.75","33,711.96","42,823.65","30,414.91","32,216.41","41,657.54","45,522.56","43,927.64","39,759.39","27,035.99",2020
Kyrgyz Republic,U.S. dollars,Units,280.635,309.913,323.343,382.888,436.496,478.77,546.621,725.487,971.678,876.933,884.846,"1,131.47","1,189.52","1,295.23","1,292.62","1,132.84",2021
Lao P.D.R.,U.S. dollars,Units,316.667,318.271,328.928,397.312,459.603,525.985,661.572,787.382,969.073,"1,032.33","1,187.02","1,397.00","1,566.20","1,813.80","1,982.52","2,124.26",2020
Latvia,U.S. dollars,Units,"3,343.18","3,553.67","4,120.69","5,121.74","6,342.84","7,569.83","9,690.46","14,079.58","16,435.21","12,243.07","11,316.93","13,371.01","13,786.59","14,927.22","15,685.98","13,728.37",2022
Lebanon,U.S. dollars,Units,"4,428.66","4,349.95","4,504.15","4,440.35","4,630.73","4,575.07","4,626.82","5,207.76","6,111.36","7,354.97","7,761.62","7,675.29","7,948.65","7,928.32","7,681.71","7,642.96",2019
Lesotho,U.S. dollars,Units,493.333,414.027,457.662,670.897,852.696,922.416,916.563,930.798,868.532,"1,011.42","1,222.20","1,324.61","1,261.44","1,191.99","1,250.63","1,104.54",2016
Liberia,U.S. dollars,Units,303.143,305.909,311.768,231.891,286.104,293.471,333.151,388.154,464.437,470.218,505.363,582.614,646.662,716.576,708.816,691.369,2020
Libya,U.S. dollars,Units,"7,625.01","6,693.08","3,956.48","4,986.33","6,180.39","8,739.20","10,561.37","11,801.27","14,762.58","10,202.81","12,478.02","8,132.32","14,728.07","12,025.60","9,166.56","7,706.74",2019
Lithuania,U.S. dollars,Units,"3,293.31","3,525.85","4,140.73","5,499.48","6,699.37","7,860.18","9,236.62","12,305.92","15,017.56","11,848.20","12,009.03","14,393.27","14,376.00","15,734.38","16,577.33","14,265.41",2022
Luxembourg,U.S. dollars,Units,"48,984.17","48,719.31","53,227.77","66,160.73","77,030.37","81,728.09","91,478.34","108,344.14","121,616.15","110,249.42","112,049.15","120,526.52","113,953.74","121,422.92","125,200.14","106,710.47",2022
Macao SAR,U.S. dollars,Units,n/a,"15,723.75","16,733.98","18,461.84","23,005.59","25,109.97","28,970.43","34,268.70","38,286.23","39,822.35","51,135.16","66,111.72","74,209.14","84,833.69","86,298.09","69,647.78",2021
Madagascar,U.S. dollars,Units,307.335,350.5,334.838,387.055,298.635,335.388,355.397,459.855,561.654,488.901,492.67,553.45,538.541,560.939,548.905,481.807,2018
Malawi,U.S. dollars,Units,352.65,338.478,384.137,345.163,365.696,377.042,400.898,432.115,504.65,571.113,623.414,695.331,506.3,446.999,484.322,497.737,2016
Malaysia,U.S. dollars,Units,"4,347.73","4,189.05","4,441.82","4,740.32","5,244.87","5,678.33","6,351.13","7,480.89","8,766.18","7,543.88","9,046.98","10,397.90","10,806.82","10,851.66","11,165.25","9,663.12",2022
Maldives,U.S. dollars,Units,"2,967.25","2,780.45","2,952.22","3,690.79","4,238.04","3,960.43","5,268.79","6,128.48","7,337.95","7,450.81","8,086.70","8,078.31","8,719.58","9,766.24","10,787.47","11,781.03",2014
Mali,U.S. dollars,Units,263.615,299.414,326.736,381.853,427.523,474.257,506.939,579.325,678.346,681.803,688.89,810.04,753.869,778.808,818.665,723.581,2022
Malta,U.S. dollars,Units,"10,482.00","10,447.79","11,346.46","13,730.31","15,260.89","15,930.14","16,818.01","19,696.18","22,378.18","21,223.68","21,842.07","23,222.39","22,674.79","24,972.68","27,080.10","25,228.18",2022
Marshall Islands,U.S. dollars,Units,"2,242.87","2,422.93","2,655.59","2,625.24","2,634.42","2,689.53","2,772.86","2,893.43","2,781.61","2,881.21","3,029.42","3,236.51","3,429.32","3,584.07","3,638.81","3,669.53",2022
Mauritania,U.S. dollars,Units,673.361,641.849,634.588,711.709,796.923,963.498,"1,357.43","1,425.47","1,647.29","1,475.59","1,715.92","2,012.83","1,946.08","2,072.49","1,826.78","1,668.07",2014
Mauritius,U.S. dollars,Units,"4,157.83","4,081.16","4,252.93","5,072.81","5,701.75","5,590.47","5,772.67","6,663.19","8,138.17","7,416.66","8,108.10","9,320.87","9,416.34","9,766.77","10,366.36","9,508.00",2021
Mexico,U.S. dollars,Units,"7,511.86","7,952.17","7,987.33","7,440.44","7,858.83","8,683.42","9,521.36","10,137.08","10,520.80","8,416.38","9,718.13","10,653.04","10,733.34","11,206.35","11,376.93","9,998.49",2020
Micronesia,U.S. dollars,Units,"2,179.42","2,257.32","2,277.95","2,312.43","2,269.68","2,371.09","2,414.39","2,457.99","2,531.99","2,711.06","2,887.35","3,021.69","3,170.96","3,068.37","3,082.90","3,050.72",2018
Moldova,U.S. dollars,Units,448.062,505.784,569.109,680.272,894.061,"1,031.42","1,179.32","1,526.38","2,102.94","1,890.65","2,428.11","2,930.06","3,031.13","3,307.35","3,314.55","2,715.78",2019
Mongolia,U.S. dollars,Units,473.198,521.317,566.403,639.373,789.958,989.177,"1,321.61","1,616.14","2,109.27","1,687.55","2,602.37","3,702.36","4,281.33","4,293.83","4,081.02","3,800.11",2021
Montenegro,U.S. dollars,Units,"1,596.63","1,893.72","2,081.05","2,745.76","3,379.64","3,679.83","4,429.80","5,984.45","7,396.67","6,746.38","6,694.17","7,327.26","6,590.58","7,189.05","7,389.89","6,517.42",2021
Morocco,U.S. dollars,Units,"1,486.88","1,489.70","1,573.48","1,914.01","2,163.48","2,232.94","2,427.11","2,759.52","3,189.20","3,162.86","3,134.70","3,367.35","3,224.71","3,463.60","3,527.71","3,235.57",2022
Mozambique,U.S. dollars,Units,319.358,296.268,302.546,326.075,383.27,416.811,435.334,482.198,563.649,520.403,471.904,594.586,657.645,664.078,673.969,589.86,2015
Myanmar,U.S. dollars,Units,159.287,145.105,139.436,177.444,213.4,239.129,266.297,347.813,492.977,593.446,727.194,"1,015.56","1,104.64","1,175.91","1,244.18","1,223.74",2015
Namibia,U.S. dollars,Units,"2,156.03","1,954.97","1,825.85","2,630.11","3,470.15","3,742.51","3,870.94","4,378.56","4,198.55","4,340.18","5,410.98","5,870.93","6,038.86","5,540.62","5,555.93","5,020.47",2022
Nauru,U.S. dollars,Units,n/a,n/a,n/a,n/a,"3,066.93","3,053.02","3,144.74","2,509.32","3,982.19","4,630.94","4,813.33","6,521.17","10,005.18","8,975.70","8,630.43","7,090.71",2020
Nepal,U.S. dollars,Units,266.158,269.25,269.082,281.039,319.068,354.973,388.995,440.856,532.331,542.536,671.998,795.314,794.093,809.346,827.394,882.308,2021
Netherlands,U.S. dollars,Units,"26,327.86","26,996.17","29,401.97","35,814.27","40,477.30","42,054.88","44,936.01","51,880.38","58,015.40","52,807.45","51,165.82","54,342.11","50,175.56","52,276.99","53,026.48","45,302.80",2022
New Zealand,U.S. dollars,Units,"14,021.63","13,669.13","15,706.93","20,461.05","24,849.12","27,384.83","26,220.07","31,914.99","31,762.71","28,270.28","33,393.53","38,059.16","39,684.53","42,083.01","44,285.97","38,200.04",2022
Nicaragua,U.S. dollars,Units,"1,030.74","1,054.66","1,011.90","1,010.23","1,077.78","1,152.80","1,224.72","1,326.66","1,498.88","1,438.13","1,499.07","1,652.10","1,728.15","1,783.56","1,909.42","2,029.12",2020
Niger,U.S. dollars,Units,197.275,207.769,227.424,267.41,285.39,320.925,335.336,389.258,477.272,462.269,476.064,511.49,528.921,551.557,562.888,484.173,2009
Nigeria,U.S. dollars,Units,554.64,583.187,730.836,780.399,963.236,"1,221.65","1,563.03","1,791.82","2,197.78","1,927.48","2,328.43","2,543.50","2,756.41","2,998.07","3,222.69","2,718.59",2012
North Macedonia,U.S. dollars,Units,"1,878.24","1,839.62","1,974.06","2,440.81","2,796.62","3,071.90","3,359.61","4,076.30","4,838.15","4,579.09","4,576.23","5,097.26","4,728.37","5,239.65","5,498.61","4,860.42",2022
Norway,U.S. dollars,Units,"38,094.60","38,553.84","43,083.87","50,161.51","57,676.82","66,924.05","74,255.80","85,276.99","97,119.99","80,115.69","87,823.81","100,815.93","101,779.19","103,214.97","97,302.71","74,568.14",2022
Oman,U.S. dollars,Units,"9,266.36","9,088.21","9,285.34","9,792.64","11,042.53","13,563.46","15,946.36","17,716.42","25,061.26","19,235.88","21,677.79","23,518.57","24,129.01","23,328.49","23,219.69","18,924.97",2021
Pakistan,U.S. dollars,Units,698.964,666.691,662.991,741.252,854.153,920.498,"1,007.35","1,125.63","1,187.34","1,075.51","1,107.55","1,271.73","1,351.57","1,370.24","1,409.47","1,527.37",2021
Palau,U.S. dollars,Units,"7,900.29","8,304.59","8,404.13","7,923.59","8,462.15","9,327.33","9,678.12","10,136.31","10,498.22","9,882.58","10,080.44","10,885.96","12,294.28","13,004.43","14,149.36","16,037.96",2021
Panama,U.S. dollars,Units,"4,261.46","4,244.11","4,324.66","4,469.69","4,807.66","5,146.05","5,598.29","6,350.18","7,369.19","7,806.73","8,332.58","9,653.93","11,063.26","12,273.18","13,221.57","14,102.16",2022
Papua New Guinea,U.S. dollars,Units,"1,007.52",862.099,814.701,995.275,"1,111.94","1,269.53","1,411.90","1,576.16","1,883.53","1,833.09","2,132.19","2,552.04","2,865.78","2,800.18","2,992.71","2,742.91",2020
Paraguay,U.S. dollars,Units,"1,675.79","1,577.68","1,312.08","1,377.52","1,693.89","1,857.78","2,285.13","2,988.68","4,054.04","3,623.93","4,329.69","5,301.83","5,153.42","5,892.85","6,065.28","5,360.08",2022
Peru,U.S. dollars,Units,"1,940.24","1,935.55","2,017.77","2,159.74","2,408.09","2,669.21","3,106.72","3,587.80","4,210.55","4,181.71","5,057.07","5,736.33","6,406.71","6,647.41","6,584.70","6,169.38",2017
Philippines,U.S. dollars,Units,"1,087.29","1,003.96","1,050.30","1,062.62","1,137.07","1,261.24","1,470.83","1,764.68","2,011.63","1,923.67","2,237.16","2,473.25","2,721.25","2,903.19","2,995.50","3,039.23",2022
Poland,U.S. dollars,Units,"4,485.06","4,987.86","5,205.52","5,699.56","6,684.68","8,023.92","9,031.80","11,252.86","13,999.50","11,532.28","12,510.81","13,776.57","13,010.54","13,550.39","14,183.12","12,545.19",2022
Portugal,U.S. dollars,Units,"11,531.47","11,734.88","12,927.58","15,793.85","18,055.89","18,790.56","19,840.47","22,813.67","24,946.26","23,126.18","22,539.04","23,213.13","20,576.83","21,653.51","22,109.32","19,252.02",2022
Puerto Rico,U.S. dollars,Units,"16,192.13","18,243.71","18,972.77","19,820.21","20,988.99","21,959.32","22,935.95","23,664.87","24,898.34","25,768.73","26,435.74","27,278.85","27,944.74","28,513.15","28,981.34","29,755.35",2021
Qatar,U.S. dollars,Units,"30,461.31","28,600.03","30,701.13","35,919.76","42,548.12","54,357.78","60,591.78","65,934.27","72,484.63","53,822.91","69,796.14","96,827.86","101,933.12","99,180.39","93,054.14","66,346.91",2022
Romania,U.S. dollars,Units,"1,667.61","1,800.97","2,108.45","2,672.06","3,487.70","4,608.80","5,744.63","8,273.89","10,446.48","8,540.19","8,391.05","9,546.75","8,919.36","9,481.98","10,025.46","8,951.74",2022
Russia,U.S. dollars,Units,"1,901.96","2,255.25","2,552.79","3,197.57","4,403.96","5,708.84","7,426.01","9,761.37","12,464.24","9,156.97","11,431.15","14,306.43","15,287.97","15,928.70","14,007.51","9,257.94",2022
Rwanda,U.S. dollars,Units,266.055,248.99,242.338,257.7,277.634,334.407,368.508,442.334,545.574,585.04,612.395,674.982,730.185,728.395,749.269,758.834,2012
Samoa,U.S. dollars,Units,"1,552.03","1,557.51","1,638.54","1,927.09","2,341.91","2,704.30","2,850.16","3,121.32","3,733.91","3,348.77","3,658.42","3,969.17","4,088.77","4,182.94","4,144.65","4,258.96",2021
San Marino,U.S. dollars,Units,n/a,n/a,n/a,n/a,"59,313.41","61,150.61","64,498.51","72,991.53","79,110.20","67,011.54","60,426.24","57,512.89","50,336.19","51,986.53","51,234.87","43,068.69",2021
S?o Tom? and Pr?ncipe,U.S. dollars,Units,550.516,505.213,552.891,647.954,692.685,809.407,839.546,885.101,"1,125.88","1,173.50","1,090.26","1,274.45","1,262.80","1,439.11","1,545.25","1,335.73",2011
Saudi Arabia,U.S. dollars,Units,"10,448.56","9,898.28","9,937.44","11,027.90","12,891.37","15,943.46","17,827.38","19,196.07","23,403.65","18,836.97","22,028.37","26,966.31","28,348.57","27,290.19","27,079.66","22,453.59",2022
Senegal,U.S. dollars,Units,614.004,648.446,680.83,831.623,931.745,993.237,"1,027.79","1,197.55","1,403.80","1,307.52","1,272.62","1,366.53","1,318.61","1,372.69","1,397.02","1,219.37",2020
Serbia,U.S. dollars,Units,"1,302.46","1,733.70","2,291.26","3,009.72","3,486.09","3,695.34","4,398.83","5,878.87","7,087.45","6,168.23","5,673.62","6,809.94","6,014.91","6,752.80","6,598.94","5,588.98",2022
Seychelles,U.S. dollars,Units,"7,578.83","7,663.08","8,431.92","8,524.94","10,176.66","11,093.31","12,014.42","12,155.70","11,480.43","9,707.27","10,805.10","11,647.02","11,999.90","14,762.22","15,189.42","15,375.61",2015
Sierra Leone,U.S. dollars,Units,205.251,228.033,251.704,265.323,264.775,285.106,323.259,360.425,409.443,391.213,401.835,448.324,566.37,716.148,713.53,592.903,2021
Singapore,U.S. dollars,Units,"23,852.83","21,699.75","22,159.83","23,730.38","27,608.08","29,961.31","33,768.45","39,432.90","40,008.58","38,926.81","47,236.67","53,891.46","55,547.55","56,967.43","57,564.80","55,645.61",2022
Slovak Republic,U.S. dollars,Units,"3,839.80","3,982.45","4,626.83","6,341.55","8,040.07","9,141.84","10,700.34","14,374.85","18,074.59","16,591.52","16,925.82","18,526.85","17,520.02","18,284.89","18,734.14","16,399.95",2022
Slovenia,U.S. dollars,Units,"10,259.49","10,502.32","11,804.77","14,873.63","17,254.83","18,152.13","19,723.80","23,912.49","27,744.21","24,854.23","23,570.18","25,156.14","22,674.49","23,516.53","24,263.96","20,898.91",2022
Solomon Islands,U.S. dollars,Units,"1,017.39",965.938,795.544,788.629,866.985,"1,014.73","1,119.59","1,260.25","1,389.05","1,428.61","1,604.15","1,938.79","2,131.45","2,250.76","2,274.90","2,168.57",2019
Somalia,U.S. dollars,Units,n/a,n/a,n/a,n/a,n/a,n/a,n/a,n/a,n/a,n/a,n/a,n/a,437.511,481.926,514.686,531.554,2013
South Africa,U.S. dollars,Units,"3,382.07","2,964.03","2,791.18","4,209.22","5,415.09","6,033.21","6,276.17","6,776.47","6,355.88","6,552.27","8,130.19","8,799.48","8,207.06","7,458.04","6,984.93","6,256.67",2022
South Sudan,U.S. dollars,Units,n/a,n/a,n/a,n/a,n/a,n/a,n/a,n/a,n/a,n/a,n/a,"1,659.55","1,041.46","1,337.23","1,316.37","1,289.85",2008
Spain,U.S. dollars,Units,"14,761.11","15,400.91","17,097.92","21,501.07","24,932.13","26,438.03","28,414.13","32,588.56","35,484.39","32,131.38","30,566.88","31,676.69","28,344.91","29,094.34","29,537.63","25,776.22",2022
Sri Lanka,U.S. dollars,Units,"1,065.47","1,017.15","1,061.68","1,162.71","1,259.77","1,477.60","1,698.16","1,928.71","2,410.80","2,472.24","2,894.26","3,320.07","3,446.36","3,737.37","3,969.71","4,057.74",2020
St. Kitts and Nevis,U.S. dollars,Units,"9,279.58","9,962.55","10,304.32","9,922.48","10,566.96","11,256.64","13,095.20","13,845.79","15,451.23","15,215.84","15,136.91","16,076.85","15,694.49","16,455.08","17,737.03","17,628.82",2015
St. Lucia,U.S. dollars,Units,"5,843.35","5,553.19","5,558.32","6,051.87","6,490.83","6,861.98","7,614.25","7,944.16","8,462.30","8,248.56","8,555.92","9,113.38","9,232.22","9,542.23","10,008.51","10,291.46",2022
St. Vincent and the Grenadines,U.S. dollars,Units,"3,973.45","4,284.99","4,518.09","4,710.27","5,082.07","5,353.69","5,933.62","6,572.51","6,740.48","6,564.11","6,613.13","6,544.69","6,686.02","6,988.34","7,028.30","7,154.78",2016
Sudan,U.S. dollars,Units,422.316,492.676,554.652,635.575,772.939,996.677,"1,249.77","1,599.60","1,700.51","1,401.24","1,637.42","2,034.46","1,396.29","1,462.58","1,628.50","1,679.03",2011
Suriname,U.S. dollars,Units,"2,904.55","2,464.82","3,075.38","3,571.56","4,057.75","4,800.80","5,577.12","6,165.52","7,316.46","7,917.32","8,806.02","8,770.29","9,844.75","10,013.73","10,042.68","9,036.35",2021
Sweden,U.S. dollars,Units,"29,589.14","27,207.49","29,846.19","37,249.26","42,736.88","43,349.85","46,425.84","53,496.53","55,929.86","46,734.91","52,658.79","60,540.22","57,816.02","60,845.01","59,704.81","51,274.28",2022
Switzerland,U.S. dollars,Units,"38,976.04","39,832.00","42,658.50","49,520.42","54,772.69","56,378.93","59,217.08","65,370.16","74,665.58","71,898.31","76,822.06","90,938.47","86,283.22","87,878.54","89,279.52","84,230.68",2022
Syria,U.S. dollars,Units,"1,202.89","1,236.90","1,305.09","1,208.89","1,361.50","1,510.39","1,726.03","2,016.05","2,557.21","2,557.27","2,806.69",n/a,n/a,n/a,n/a,n/a,2010
Taiwan Province of China,U.S. dollars,Units,"14,844.24","13,357.20","13,651.36","14,040.60","15,290.31","16,427.46","16,892.88","17,723.70","18,053.59","16,904.54","19,181.36","20,838.59","21,256.36","21,945.46","22,844.32","22,752.99",2022
Tajikistan,U.S. dollars,Units,159.417,167.035,187.958,236.394,308.844,337.129,401.586,519.025,702.445,666.024,738.287,834.52,949.648,"1,040.15","1,105.20",919.073,2014
Tanzania,U.S. dollars,Units,380.08,377.469,382.354,401.069,428.927,459.757,491.056,551.781,683.137,693.025,732.315,768.16,867.857,970.348,"1,030.74",947.897,2012
Thailand,U.S. dollars,Units,"2,003.61","1,893.26","2,096.19","2,359.12","2,660.13","2,894.06","3,369.55","3,973.02","4,379.66","4,213.01","5,076.34","5,492.12","5,860.58","6,168.27","5,951.88","5,840.05",2021
Timor-Leste,U.S. dollars,Units,420.946,539.594,520.99,534.192,471.231,483.242,462.124,538.952,628.632,689.276,819.147,947.257,"1,031.00","1,213.65","1,233.58","1,332.70",2019
Togo,U.S. dollars,Units,402.18,388.651,435.683,526.449,547.7,539.198,540.082,621.808,735.775,737.152,722.819,803.341,782.049,847.4,877.419,770.221,2021
Tonga,U.S. dollars,Units,"2,066.55","1,819.63","1,828.63","2,015.25","2,288.90","2,581.93","2,865.26","2,919.69","3,360.51","3,040.24","3,561.48","4,014.77","4,581.89","4,409.00","4,325.61","4,319.44",2020
Trinidad and Tobago,U.S. dollars,Units,"6,545.95","7,046.38","7,162.51","8,931.03","10,442.17","12,471.95","14,280.04","16,765.86","21,448.70","14,777.40","16,957.43","19,300.83","19,962.22","20,822.97","21,414.32","19,340.18",2021
Tunisia,U.S. dollars,Units,"2,322.28","2,365.25","2,460.78","2,897.20","3,265.22","3,350.79","3,536.51","3,963.79","4,519.75","4,333.15","4,343.06","4,471.69","4,345.82","4,419.71","4,511.28","4,060.70",2019
T?rkiye,U.S. dollars,Units,"4,237.96","3,082.90","3,617.23","4,684.70","6,015.67","7,350.89","7,961.08","9,640.57","10,778.13","8,941.40","10,533.45","11,221.40","11,637.92","12,488.97","12,079.29","10,973.59",2022
Turkmenistan,U.S. dollars,Units,"1,874.56","2,559.36","3,177.65","4,129.70","5,078.35","6,077.58","7,486.02","8,978.76","7,351.64","6,821.55","6,838.34","8,517.45","9,464.68","9,559.96","10,157.40","7,916.93",2004
Tuvalu,U.S. dollars,Units,n/a,n/a,"1,741.53","2,075.67","2,385.56","2,348.71","2,464.22","2,865.98","3,186.85","2,759.03","3,133.04","3,777.34","3,609.11","3,615.37","3,583.65","3,396.69",2017
Uganda,U.S. dollars,Units,355.466,347.812,361.953,361.772,430.758,483.032,527.739,634.361,784.496,815.808,808.713,872.039,950.574,964.833,"1,008.02",839.308,2021
Ukraine,U.S. dollars,Units,664.376,784.864,885.315,"1,055.95","1,374.66","1,839.52","2,319.29","3,101.39","3,944.72","2,557.28","2,982.81","3,587.41","3,874.15","4,051.42","3,119.58","2,134.77",2020
United Arab Emirates,U.S. dollars,Units,"34,386.18","32,621.36","32,790.74","35,017.32","39,301.14","43,983.85","44,313.57","41,466.92","39,073.38","30,920.37","36,324.59","42,986.88","45,108.03","46,207.45","47,063.63","41,422.60",2021
United Kingdom,U.S. dollars,Units,"28,347.70","27,897.13","30,129.42","34,516.91","40,434.58","42,170.81","44,613.88","50,457.55","47,918.32","38,969.68","39,736.21","42,147.69","42,489.95","43,492.46","47,476.19","45,085.34",2020
United States,U.S. dollars,Units,"36,312.78","37,101.45","37,945.76","39,405.35","41,641.62","44,034.26","46,216.85","47,943.35","48,470.55","47,102.43","48,586.29","50,008.11","51,736.74","53,245.52","55,083.51","56,729.68",2022
Uruguay,U.S. dollars,Units,"7,432.34","6,803.60","4,441.10","3,941.68","4,476.94","5,663.50","6,377.45","7,622.82","9,857.30","10,232.12","12,943.94","15,341.31","16,325.41","18,271.53","18,109.94","16,791.91",2015
Uzbekistan,U.S. dollars,Units,702.209,587.633,481.995,499.329,585.221,689.391,811.157,"1,048.72","1,324.54","1,523.42","1,777.49","2,067.52","2,284.53","2,440.26","2,651.38","2,761.29",2022
Vanuatu,U.S. dollars,Units,"1,422.23","1,317.09","1,313.46","1,542.06","1,743.29","1,824.51","1,985.28","2,308.55","2,540.72","2,519.63","2,719.25","3,007.56","2,934.85","2,940.19","2,947.95","2,771.66",2020
Venezuela,U.S. dollars,Units,"4,820.65","4,963.92","3,778.26","3,266.10","4,312.00","5,421.66","6,646.80","8,538.10","11,079.07","9,557.55","11,158.18","10,934.28","12,688.11","8,692.96","7,107.44","4,096.97",2010
Vietnam,U.S. dollars,Units,498.579,513.197,546.555,610.357,756.981,873.136,996.255,"1,152.27","1,446.56","1,481.44","1,628.01","1,949.83","2,197.62","2,369.97","2,566.85","2,581.91",2021
West Bank and Gaza,U.S. dollars,Units,"1,412.75","1,275.69","1,102.50","1,197.16","1,350.91","1,461.09","1,480.70","1,563.70","1,913.32","2,061.56","2,406.26","2,711.92","2,888.60","3,122.99","3,158.60","3,084.13",2022
Yemen,U.S. dollars,Units,526.881,521.697,551.194,591.218,677.899,796.361,881.275,970.82,"1,170.96","1,061.42","1,267.56","1,303.59","1,369.69","1,519.34","1,579.56","1,508.38",2022
Zambia,U.S. dollars,Units,364.026,379.713,399.099,452.287,556.05,720.204,"1,066.02","1,133.67","1,393.78","1,151.19","1,469.24","1,644.13","1,729.58","1,840.67","1,724.81","1,307.54",2019
Zimbabwe,U.S. dollars,Units,969.824,964.08,922.878,822.472,806.898,764.632,677.881,646.558,553.376,790.352,975.851,"1,131.68","1,310.44","1,421.70","1,415.28","1,425.47",2017
,,,,,,,,,,,,,,,,,,,
"International Monetary Fund, World Economic Outlook Database, October 2023",,,,,,,,,,,,,,,,,,,
